nombre,poblacion
Juarez,15290
Jungapeo,22358
Lagunillas,5862
Madero,18769
Torreon,744247
Viesca,23781
Berriozabal,56971
Tarandacuao,12978
Tarimoro,36574
Tierra Blanca,20238
Ocozocoautla de Espinosa,100318
Ostuacan,19969
Atlamajalcingo del Monte,5284
Atlixtac,28136
Azoyu,13164
Tecpatan,45447
Tenejapa,47721
Teopisca,47217
Tila,85507
Tonala,97839
Totolapa,7894
La Trinitaria,85344
Tumbala,37381
Pacula,5354
Riva Palacio,8290
Rosales,18394
Rosario,2182
Tepeapulco,58776
Atengo,5921
Juanacatlan,19203
Topia,9849
Zapopan,1433360
Zapotiltic,31317
Zapotitlan de Vadillo,7479
Zapotlan del Rey,19347
Zapotlanejo,72439
Tlahuiltepa,10933
Tlanalapa,11165
Coatepec Harinas,41717
Chicoloapan,226911
San Martin de las Piramides,29145
Tlaltizapan de Zapata,55553
Tlaquiltenango,36147
Agualeguas,2599
Los Aldamas,1506
Allende,38297
Anahuac,19976
Cadereyta Jimenez,105145
Cerralvo,8324
Cienega de Flores,50563
China,11962
Doctor Arroyo,37859
Doctor Coss,1845
Juarez,396864
Lampazos de Naranjo,5783
Linares,88689
Marin,6199
Heroica Ciudad de Ejutla de Crespo,21913
Mina,5882
Montemorelos,67657
Monterrey,1124835
Santa Catarina,322051
Santiago,46955
Vallecillo,1942
Villaldama,4567
Ocotlan de Morelos,22936
Acatlan de Perez Figueroa,47616
Tamazulapam del Espiritu Santo,7677
Asuncion Ixtaltepec,15831
Asuncion Nochixtlan,19655
Asuncion Tlacolulita,804
Ayotzintepec,7452
El Barrio de la Soledad,14895
Candelaria Loxicha,10829
Coatecas Altas,4738
Concepcion Buenavista,826
San Baltazar Loxicha,3072
Guevea de Humboldt,5479
Heroica Ciudad de Huajuapan de Leon,81271
Huautla de Jimenez,32459
Ixtlan de Juarez,8521
Heroica Ciudad de Juchitan de Zaragoza,103241
Loma Bonita,44584
Miahuatlan de Porfirio Diaz,45679
Putla Villa de Guerrero,34568
San Andres Lagunas,505
San Juan Guichicovi,30815
San Agustin Loxicha,25684
San Andres Teotilalpam,4590
San Antonino el Alto,2788
San Juan Lalana,17579
San Juan Mazatlan,19226
San Francisco Tlapancingo,2357
San Jeronimo Sosola,2688
San Juan Bautista Atatlahuca,1652
San Francisco del Mar,8091
San Juan Bautista Cuicatlan,10341
San Francisco Nuxaño,387
San Francisco Sola,1773
San Ildefonso Sola,1007
San Ildefonso Villa Alta,3537
San Jeronimo Coatlan,5501
San Jorge Nuchita,2937
San Juan Bautista Tuxtepec,170588
San Juan Cacahuatepec,9264
San Juan Cieneguilla,598
San Juan Cotzocon,24519
San Juan Ozolotepec,2780
San Juan Petlapa,3041
San Juan Quiahije,4145
San Juan Quiotepec,2135
San Juan Lachao,4968
San Juan Tamazola,3079
Santo Domingo Tehuantepec,68052
Santos Reyes Nopala,18273
Santiago Camotlan,3279
San Lorenzo Texmelucan,8520
San Lorenzo Victoria,1010
San Lucas Ojitlan,21069
Villa Sola de Vega,12703
San Miguel Soyaltepec,40476
San Miguel Suchixtepec,2833
San Miguel Amatitlan,7808
San Miguel Panixtlahuaca,6768
San Miguel Peras,3463
San Miguel Quetzaltepec,8512
San Nicolas Hidalgo,1043
San Pablo Coatlan,4369
Villa Tezoatlan de Segura y Luna,11399
San Pedro el Alto,3781
San Pedro Ixcatlan,11804
Villa de Tututepec de Melchor Ocampo,47281
San Pedro Mixtepec Distrito 22,51195
San Pedro Pochutla,49364
San Pedro y San Pablo Ayutla,5406
San Pedro y San Pablo Tequixtepec,1778
San Pedro Yucunama,239
Divisaderos,817
Empalme,60631
Etchojoa,66633
Santa Catarina Juquila,16319
Santa Catarina Loxicha,3973
Santa Maria Colotepec,25179
Santa Catarina Ticua,1095
Santa Cruz Itundujia,11961
Santa Cruz Mixtepec,3654
Santa Cruz Xoxocotlan,98970
Santa Cruz Zenzontepec,19026
Santa Ines Yatzeche,945
Santa Maria Alotepec,2898
Heroica Ciudad de Tlaxiaco,42679
Santa Maria Chilchotla,21031
Santa Maria Chimalapa,9380
Santa Maria Ecatepec,3508
Santa Maria Huatulco,46818
Santa Maria Jacatepec,9625
Santa Maria Ozolotepec,3970
Santa Maria Peñoles,8781
Santa Maria Petapa,17112
Santa Maria Tepantlali,3902
Santa Maria Zacatepec,16538
Santiago Amoltepec,13114
Santiago Chazumba,4627
Santiago Choapam,5338
Santiago Ixtayutla,13319
Santiago Jamiltepec,19738
Santiago Lachiguiri,4862
Santiago Minas,1440
Santiago Nejapilla,211
Santiago Nuyoo,1805
Santiago Tamazola,4623
Santiago Yaveo,7104
Santiago Tilantongo,3014
Santiago Xanica,3106
Santiago Yosondua,8672
Santo Domingo Petapa,9495
Tataltepec de Valdes,5999
Atempan,30052
Atexcal,4005
Atlixco,143903
Huauchinango,111389
Huehuetla,19663
Atzitzihuacan,12950
Atzitzintla,9727
Axutla,981
Ayotoxco de Guerrero,9105
Calpan,15345
Caltepec,4148
Coatzingo,3119
Cohetzala,1415
Cohuecan,5174
Coxcatlan,21827
Coyomeapan,14840
Coyotepec,2449
Ixcamilpa de Guerrero,3798
Ixcaquixtla,9411
Ixtacamaxtitlan,25772
Juan N. Mendez,5578
Lafragua,8243
Libres,36010
Mazapiltepec de Juarez,3005
Molcaxac,6574
San Jeronimo Tecuanipan,6639
San Jeronimo Xayacatlan,3675
San Jose Chiapa,9309
San Jose Miahuatlan,14148
San Juan Atenco,3545
San Andres Cholula,154192
San Antonio Cañada,5871
San Diego la Mesa Tochimiltzingo,1267
San Felipe Teotlalcingo,11025
San Felipe Tepatlan,4143
San Sebastian Tlacotepec,14734
Santa Catarina Tlaltempan,853
Santa Ines Ahuatempan,6712
Santa Isabel Cholula,9425
Santiago Miahuatlan,27176
Huehuetlan el Grande,7648
Arroyo Seco,14789
Lazaro Cardenas,31385
Solidaridad,239850
Tulum,36866
Cerritos,22722
Cerro de San Pedro,4762
Ciudad del Maiz,35725
Ciudad Fernandez,47527
Tancanhuitz,21674
Ciudad Valles,187772
Charcas,21918
Ebano,45721
Guadalcazar,27705
Lagunillas,5775
Villa de Arriaga,18602
Villa de Guadalupe,10198
Villa Hidalgo,15552
Villa Juarez,10605
Axtla de Terrazas,38871
Matlapa,32154
Arizpe,2958
Bacadehuachi,1220
Cucurpe,1066
Guaymas,171035
Huatabampo,86918
Magdalena,33896
Nacori Chico,2172
Opodepe,2949
Rosario,5488
Sahuaripa,6122
San Luis Rio Colorado,206982
Suaqui Grande,1222
Trincheras,1763
Santa Ana,17813
Soto la Marina,26467
Tampico,334535
Tula,30885
Ixtacuixtla de Mariano Matamoros,41831
Ixtenco,7759
Mazatecochco de Jose Maria Morelos,11601
Contla de Juan Cuamatzi,41267
Yecora,6387
Benito Juarez,23843
San Ignacio Rio Muerto,15677
Balancan,64346
Burgos,4735
Camargo,16332
Casas,4410
Cruillas,1998
Gomez Farias,9689
Gonzalez,46374
Güemez,16524
Guerrero,4786
Gustavo Diaz Ordaz,16640
Hidalgo,24504
San Lucas Tecopilco,3328
Amatitlan,8469
Naranjos Amatlan,30103
Amatlan de los Reyes,48007
Angel R. Cabada,35909
La Antigua,28481
Apazapan,4288
Jilotepec,17572
Juan Rodriguez Clara,41108
Juchique de Ferrer,16662
Sanctorum de Lazaro Cardenas,10588
Nanacamilpa de Mariano Arista,19402
Acuamanala de Miguel Hidalgo,6934
Nativitas,27294
Panotla,29017
San Pablo del Monte,82542
Santa Cruz Tlaxcala,22062
Lerdo de Tejada,20987
Teolocholco,26065
Tepeyanco,14396
Terrenate,16330
Tetla de la Solidaridad,34866
Tetlatlahuca,15237
Tlaxcala,103435
Yauhquemehcan,41773
Zacatelco,47148
Tlacolulan,11825
Tlacotalpan,14121
Tlacotepec de Mejia,4156
Tlachichilco,12158
Tlalixcoyan,40083
Tlalnelhuayocan,19767
Tlapacoyan,65087
Tlaquilpa,8035
Emiliano Zapata,4836
San Francisco Tetlanohcan,11502
San Jose Teacalco,6421
Acajete,9131
Astacinga,6685
Atlahuilco,11318
Atoyac,25040
Atzacan,22414
Atzalan,52831
Tlaltetela,16443
Ayahualulco,28005
Banderilla,24692
Colipa,5902
Comapa,21159
Cordoba,228703
Cosamaloapan de Carpio,59870
Cosautlan de Carvajal,17107
Coscomatepec,60872
Cosoleacaque,145830
Cotaxtla,21972
Coxquihui,17506
Coyutla,23502
Cuichapa,12835
Cuitlahuac,29555
Chacaltianguis,13110
Chalma,14137
Chiconamel,7031
Emiliano Zapata,84197
Espinal,28537
Filomeno Mata,19443
Fortin,70428
Gutierrez Zamora,25874
Hidalgotitlan,19739
Huatusco,63649
Huayacocotla,22587
Hueyapan de Ocampo,45332
Maltrata,18845
Manlio Fabio Altamirano,24849
Mariano Escobedo,38503
Martinez de la Torre,111164
Mecatlan,12950
Mecayapan,17526
Medellin,83280
Miahuatlan,4928
Omealca,25159
Ozuluama de Mascareñas,24470
Pajapan,18172
Panuco,105926
Papantla,166496
Las Vigas de Ramirez,20667
Los Reyes,6200
Saltabarranca,6526
Tomatlan,7326
Tonayan,6001
Totutla,18306
Tuxpan,169763
Ursulo Galvan,32478
Xoxocotla,5685
Zentla,14056
Zongolica,45823
Zontecomatlan de Lopez y Fuentes,15258
Zozocolco de Hidalgo,15708
Agua Dulce,50680
El Higo,20600
Tres Valles,48712
Carlos A. Carrillo,25991
Tatahuicapan de Juarez,16248
Uxpanapa,30449
San Rafael,31464
Santiago Sochiapan,15037
Buctzotz,9560
Merida,963861
Calotmul,4328
Celestun,8260
Peto,26894
Progreso,63037
Chankom,4896
Chemax,39000
San Felipe,2072
Dzilam de Bravo,2892
Dzilam Gonzalez,6543
Dzitas,4034
Espita,17300
Homun,8243
Izamal,28872
Mani,6001
Motul,39052
Uman,58139
Valladolid,86205
Rio Lagartos,3811
Panuco,18789
Pinos,76871
Rio Grande,67507
Sain Alto,23283
Santa Elena,4278
Seye,10360
Sotuta,9485
Sudzal,1825
Tekax,45441
Tekom,3443
Temax,7746
Temozon,16593
Ticul,42960
Tinum,12771
Tixcacalcupul,7614
Tixkokob,19340
Tizimin,82742
Tzucacab,15686
Uayma,4368
Yaxcaba,16313
Apozol,6342
Apulco,5097
Sombrerete,65330
Susticacan,1429
Tabasco,16372
Tepechitlan,9180
Tepetongo,7483
Teul de Gonzalez Ortega,5172
Tlaltenango de Sanchez Roman,28112
Valparaiso,34792
Vetagrande,10536
Villa de Cos,37099
Aguascalientes,961977
Asientos,50864
Calvillo,60760
San Jose de Gracia,9661
Tepezala,22743
El Llano,21947
San Francisco de los Romo,51568
Ensenada,536143
Mexicali,1087478
Tecate,113857
Tijuana,1789531
Playas de Rosarito,107859
Comondu,83051
Mulege,67727
La Paz,301961
Los Cabos,330312
Loreto,21657
Calkini,63298
Campeche,317424
Carmen,275478
Champoton,99945
Hecelchakan,34683
Jiquipilas,43292
San Juan Cancuc,37811
Ayala,91043
Ixtlan del Rio,31770
Chapulhuacan,25460
Coalcoman de Vazquez Pallares,18450
Coeneo,21736
Contepec,35877
Copandaro,9487
Cosio,16918
Jesus Maria,130184
Pabellon de Arteaga,50032
Rincon de Romos,57981
Hopelchen,44051
Palizada,9868
Tenabo,11930
Escarcega,63495
Acuña,163157
Irimbo,15916
Ixtlan,13523
Jacona,72669
Jimenez,13350
Penjamillo,17752
Tiquicheo de Nicolas Romero,14082
Zinaparo,3343
Guazapares,8603
Rosamorada,37093
Zacoalco de Torres,30432
Cotija,19674
Cuitzeo,31334
Charapan,13006
Charo,23273
Xonacatlan,54531
Calakmul,31723
Candelaria,48722
Abasolo,1130
Allende,24705
Arteaga,25477
Candela,1945
Castaños,30568
Morelos,9430
Muzquiz,75647
Jiquilpan,34725
Cuatro Cienegas,14623
Maravatio,92676
Marcos Castellanos,14517
Lazaro Cardenas,192153
Morelia,825585
Magdalena Ocotlan,1209
Tarimbaro,119032
Tepalcatepec,24911
Pueblo Nuevo Solistahuacan,35144
Zitacuaro,172015
Namiquipa,25596
Pueblo Nuevo,12620
Ameca,64979
Escobedo,3353
Francisco I. Madero,64483
Nadadores,7152
Nuevo Urecho,8480
Numaran,10290
Ocampo,25418
Pajacuaran,20338
Panindicuaro,16536
Paracuaro,27992
Paracho,39341
Patzcuaro,98122
Frontera,87942
Sacramento,2614
Saltillo,869184
San Buenaventura,25820
San Juan de Sabinas,47315
Periban,29376
General Cepeda,13501
Guerrero,1964
Angel Albino Corzo,30925
Arriaga,44264
La Piedad,110385
Purepero,16103
Puruandiro,70372
Querendaro,14356
Quiroga,29118
Cojumatlan de Regules,10935
Los Reyes,73199
Sahuayo,81371
San Lucas,18936
Santa Ana Maya,13124
Salvador Escalante,51652
Senguio,19980
Susupuato,9161
Tacambaro,81105
Tancitaro,32707
Tangamandapio,30945
Tangancicuaro,35305
Tanhuato,16286
Taretan,15465
Hidalgo,1888
Jimenez,10994
La Grandeza,7882
Huehuetan,38185
Juarez,1722
Lamadrid,1984
Matamoros,119492
Huixtan,25616
Huitiupan,25161
Huixtla,59209
La Independencia,49602
Ixhuatan,12317
Ixtacomitan,11777
Ixtapa,29778
Ixtapangajoya,5988
Monclova,251346
Jitotol,22619
Juarez,23527
Larrainzar,25725
La Libertad,5424
Mapastepec,51875
Las Margaritas,134759
Tingambato,15878
Tingüindin,15337
Nava,33101
Ocampo,11628
El Porvenir,15501
Villa Comaltitlan,31522
Parras,48694
Piedras Negras,177255
Venustiano Carranza,70992
Villa Corzo,85784
Villaflores,115691
Yajalon,41655
San Lucas,7896
Zinacantan,44824
Progreso,3654
Ramos Arizpe,103252
Tlalpujahua,30331
Tlazazalca,6654
Tocumbo,12593
Tumbiscatio,6992
Turicato,32588
Tuxpan,28471
Tuzantla,15964
Tzintzuntzan,15139
Tzitzio,9026
Uruapan,354727
Venustiano Carranza,26074
Villamar,17460
Vista Hermosa,21677
Yurecuaro,33136
Zacapu,79809
Zamora,207985
Sabinas,69500
Zinapecuaro,49471
Ziracuaretiro,18251
San Pedro,117370
Jose Sixto Verduzco,27504
Amacuzac,18861
Atlatlahucan,24153
Axochiapan,38236
Sierra Mojada,7740
Tepalcingo,28871
Taxco de Alarcon,112561
Lerma,159948
Indaparapeo,17595
Villa Union,6859
Aldama,7152
Benemerito de las Americas,21603
Zaragoza,14203
Armeria,32363
Colima,169188
Comala,23902
Coquimatlan,22167
Cuauhtemoc,32829
Ixtlahuacan,6078
Manzanillo,203306
Minatitlan,9670
Tecoman,134631
Villa de Alvarez,151019
Acacoyagua,19856
Acala,34494
Acapetahua,31069
Altamirano,35982
Amatan,21836
Chinipas,8541
Delicias,160245
Dr. Belisario Dominguez,2770
Galeana,7056
Santa Isabel,4293
Gomez Farias,9599
Gran Morelos,2787
Guachochi,49926
Guadalupe,5080
Guadalupe y Calvo,58658
Amatenango de la Frontera,33860
Guerrero,42409
Hidalgo del Parral,117624
Huejotitan,1070
Ignacio Zaragoza,7488
Janos,11778
Jimenez,45709
Juarez,1464930
Julimes,4913
Lopez,4342
Madera,30936
Maguarichi,1731
Manuel Benavides,1562
Matachi,3306
Matamoros,4847
Meoqui,48242
Morelos,8309
Moris,5520
Amatenango del Valle,10779
Bejucal de Ocampo,8324
Nonoava,2831
Nuevo Casas Grandes,67320
Ocampo,7989
Ojinaga,29996
Huitzilac,20372
Jantetelco,18361
Jiutepec,227649
Jojutla,61366
Jonacatepec,16732
Mazatepec,10691
Miacatlan,28263
Ocuituco,19683
Puente de Ixtla,70917
Temixco,123812
Bella Vista,22028
Bochil,38101
El Bosque,24374
Cacahoatan,50439
Catazaja,19006
Cintalapa,93518
Coapilla,10035
Comitan de Dominguez,170498
La Concordia,50535
Copainala,24030
Chalchihuitan,18016
Chamula,95357
Xochimilco,418060
Tepoztlan,51373
Tetecala,8326
Tetela del Volcan,22015
Magdalena Peñasco,3644
Hidalgo,4165
Chanal,13332
Chapultenango,8248
Chenalho,43453
Chiapa de Corzo,111223
Chiapilla,6406
Coneto de Comonfort,4649
Cuencame,37479
Durango,695597
General Simon Bolivar,10812
Gomez Palacio,369760
Guadalupe Victoria,37792
Guanacevi,10512
Chicoasen,5605
Chicomuselo,38122
Chilon,140023
Escuintla,34628
Inde,5392
Lerdo,164763
Mapimi,28301
Mezquital,40593
Nazas,13877
Nombre de Dios,20881
Ocampo,10333
El Oro,12281
Otaez,5513
Panuco de Coronado,12907
Peñon Blanco,11538
Poanas,26935
Pueblo Nuevo,53006
Rodeo,14407
San Bernardo,3459
San Dimas,20114
San Juan de Guadalupe,5917
San Juan del Rio,13310
Amatlan de Cañas,12736
Compostela,81920
Huajicori,13540
Francisco Leon,8278
Frontera Comalapa,80805
Frontera Hidalgo,15741
Suchil,6766
Tamazula,27368
Tepehuanes,11545
Jala,20016
Xalisco,62038
Del Nayar,45317
Mazapa de Madero,8552
Coroneo,12998
Cortazar,101319
Cueramaro,29959
Doctor Mora,25606
Dolores Hidalgo Cuna de la Independencia Nacional,160771
Guanajuato,198035
Huanimaro,22612
Irapuato,610700
Jaral del Progreso,41154
Jerecuaro,51332
Leon,1679610
Moroleon,54378
Ocampo,24758
Penjamo,159968
Mazatan,31856
Purisima del Rincon,86012
Romita,62603
Salamanca,293293
Salvatierra,106978
San Diego de la Union,41588
San Felipe,118417
San Francisco del Rincon,125904
San Jose Iturbide,83562
San Luis de la Paz,127678
Santa Catarina,5584
Santa Cruz de Juventino Rosas,88644
Santiago Maravatio,7327
Silao de la Victoria,201020
Metapa,6191
Uriangato,67184
Valle de Santiago,153094
Victoria,21521
Villagran,62918
Xichu,12285
Yuriria,73948
Acapulco de Juarez,840795
Ahuacuotzingo,27366
Ajuchitlan del Progreso,38895
Alcozauca de Guerrero,20112
Ruiz,26928
San Blas,48024
San Pedro Lagunillas,8231
Santa Maria del Oro,25510
Santiago Ixcuintla,106038
Tecuala,43043
Tepic,445889
Tuxpan,33358
La Yesca,14962
Bahia de Banderas,174510
Magdalena Teitipac,4782
Huejutla de Reyes,139683
Atizapan de Zaragoza,557108
Epitacio Huerta,17519
Mitontic,13286
Motozintla,79732
Alpoyeca,6959
Apaxtla,11719
Nicolas Ruiz,4726
Ocosingo,239322
Arcelia,32547
Atenango del Rio,8914
Ocotepec,13773
Atoyac de Alvarez,62574
Ayutla de los Libres,70242
Benito Juarez,15926
Buenavista de Cuellar,13737
Coahuayutla de Jose Maria Izazaga,12661
Cocula,14050
Copala,14641
Copalillo,15096
Copanatoyac,20779
Coyuca de Benitez,78931
Coyuca de Catalan,40408
Cuajinicuilapa,27919
Huejucar,6197
Banamichi,1797
Ahuacatlan,17226
Osumacinta,4110
Oxchuc,51731
Palenque,131491
Pantelho,24107
Pantepec,13370
Pichucalco,34340
Pijijiapan,58167
San Marcos,50859
San Miguel Totolapan,28289
Rayon,10564
Reforma,49480
Las Rosas,30874
Sabanilla,29348
Salto de Agua,68779
San Cristobal de las Casas,231345
San Fernando,42939
Siltepec,39536
Simojovel,48046
Sitala,15524
Socoltenango,20161
Solosuchiapa,8812
Soyalo,11749
Suchiapa,26510
Suchiate,42201
Sunuapa,2601
Tapachula,384312
Tapalapa,4346
Tecoanapa,47593
Tecpan de Galeana,66974
Teloloapan,59123
Tepecoacuilco de Trujano,32914
Tetipac,14890
Tixtla de Guerrero,44479
Tlacoachistlahuaca,24221
Tlacoapa,10420
Tlalchapa,12711
General Zaragoza,6604
General Zuazua,91913
Tapilula,14197
Tuxtla Gutierrez,662591
Tuxtla Chico,45900
Tuzantan,34867
Tzimol,16874
Xochistlahuaca,30222
Zapotitlan Tablas,12587
Zirandaro,18228
Zitlala,23871
Eduardo Neri,52924
Acatepec,38738
Marquelia,14269
Cochoapa el Grande,19337
Jose Joaquin de Herrera,17905
Guadalupe,710413
Los Herreras,1998
Higueras,1712
Jocotepec,49419
Angangueo,11768
Union Juarez,16780
Maravilla Tenejapa,13755
Marques de Comillas,12226
Chilcuautla,19638
Eloxochitlan,2972
Emiliano Zapata,15803
Epazoyucan,16053
Francisco I. Madero,38879
Huasca de Ocampo,19077
Huautla,23193
Huazalingo,15009
Huehuetla,27313
Montecristo de Guerrero,8367
Huichapan,49792
Ixmiquilpan,99735
Jacala de Ledezma,14478
Jaltocan,12806
Juarez Hidalgo,3412
Lolotla,10256
Metepec,12508
San Agustin Metzquititlan,10333
Metztitlan,22194
Mineral del Chico,9665
Mineral del Monte,15737
La Mision,10915
Mixquiahuala de Juarez,49931
Molango de Escamilla,12518
Nicolas Flores,7394
Nopala de Villagran,18122
Omitlan de Juarez,10555
San Felipe Orizatlan,41749
Pachuca de Soto,280312
Pisaflores,18829
Progreso de Obregon,25375
Mineral de la Reforma,185907
San Agustin Tlaxiaca,39180
San Bartolo Tutotepec,20082
San Salvador,37993
Santiago de Anaya,18386
Santiago Tulantepec de Lugo Guerrero,40098
Singuilucan,17377
Tasquillo,17607
Tecozautla,40515
San Andres Duraznal,5845
Santiago el Pinar,3975
Ahumada,12953
Aldama,26197
Allende,9453
Tenango de Doria,19646
Aquiles Serdan,19050
Ascension,26409
Bachiniva,6729
Balleza,17825
Batopilas,12939
Bocoyna,29835
Buenaventura,25001
Camargo,55255
Carichi,10083
Casas Grandes,12143
Coronado,2364
Coyame del Sotol,1819
La Cruz,4226
Cuauhtemoc,181552
Cusihuiriachi,5098
Chihuahua,949395
Praxedis G. Guerrero,5140
Tepehuacan de Guerrero,32819
Tepeji del Rio de Ocampo,93651
Tepetitlan,11792
Comonfort,87191
San Francisco de Borja,2445
San Francisco de Conchos,2830
San Francisco del Oro,5502
San Juanito de Escobedo,9961
Arandas,80444
El Arenal,21022
Atemajac de Brizuela,7149
Atenguillo,4257
Atotonilco el Alto,64746
Atoyac,8721
Autlan de Navarro,65556
Ayotlan,40681
Ayutla,13379
La Barca,69931
Bolaños,8193
Cabo Corrientes,11100
Casimiro Castillo,23230
Cihuatlan,44108
Zapotlan el Grande,113944
Cocula,28567
Colotlan,19292
Concepcion de Buenos Aires,6561
Cuautitlan de Garcia Barragan,19139
Cuautla,2302
Cuquio,19373
Chapala,54828
Chimaltitan,3582
Chiquilistlan,6470
Santa Barbara,11572
Satevo,3381
Saucillo,34050
Temosachic,7001
El Tule,1830
Urique,22257
Uruachi,6630
Valle de Zaragoza,5651
Degollado,22848
Ejutla,2058
Encarnacion de Diaz,57255
Etzatlan,21176
El Grullo,26326
Guachinango,4536
Guadalajara,1503505
Hostotipaquillo,10988
Azcapotzalco,408441
Coyoacan,621952
Cuajimalpa de Morelos,199809
Gustavo A. Madero,1176967
Iztacalco,393821
Iztapalapa,1815551
La Magdalena Contreras,245147
Huejuquilla el Alto,9449
La Huerta,26051
Ixtlahuacan de los Membrillos,59970
Ixtlahuacan del Rio,20383
Jalostotitlan,36081
Jamay,26504
Jesus Maria,20395
Jilotlan de los Dolores,10149
Milpa Alta,139371
Alvaro Obregon,755537
Tlahuac,366586
Tlalpan,682234
Benito Juarez,433708
Juchitlan,6021
Lagos de Moreno,175696
El Limon,5896
Magdalena,24117
Santa Maria del Oro,2224
La Manzanilla de la Paz,4033
Mascota,15635
Mazamitla,14962
Mexticacan,5470
Mezquitic,20751
Mixtlan,3772
Ocotlan,106059
Ojuelos de Jalisco,34061
Pihuamo,12017
Poncitlan,55191
San Luis Acatlan,45121
Cuauhtemoc,548606
Miguel Hidalgo,379624
Puerto Vallarta,299434
Villa Purificacion,11662
Quitupan,8797
El Salto,200159
San Cristobal de la Barranca,3155
San Diego de Alejandria,7699
San Juan de los Lagos,74195
San Julian,16999
Venustiano Carranza,433231
Canatlan,34749
Canelas,4816
San Luis del Cordero,2258
San Pedro del Gallo,1631
Santa Clara,7509
Santiago Papasquiaro,51125
Tlahualilo,24946
San Marcos,4054
San Martin de Bolaños,3259
San Martin Hidalgo,29493
San Miguel el Alto,35081
Gomez Farias,15352
San Sebastian del Oeste,5954
Santa Maria de los Angeles,3407
Sayula,39384
Tala,85654
Talpa de Allende,16034
Tamazula de Gordiano,41130
Tapalpa,20647
Tecalitlan,17722
Tecolotlan,18483
Techaluta de Montenegro,3994
Tenamaxtlan,7500
Teocaltiche,44188
Teocuitatlan de Corona,11168
Tepatitlan de Morelos,151133
Tequila,44789
Teuchitlan,10327
Tizapan el Alto,22538
Tlajomulco de Zuñiga,644175
San Pedro Tlaquepaque,708568
Toliman,10926
Tomatlan,37913
Tonala,577668
Tonaya,6417
Tonila,8426
Totatiche,4691
Tototlan,24685
Tuxcacuesco,4628
Tuxcueca,6681
Tuxpan,37226
Vicente Guerrero,23279
Nuevo Ideal,28862
Abasolo,95581
Acambaro,118967
San Miguel de Allende,183034
Apaseo el Alto,72209
Apaseo el Grande,99036
Atarjea,5559
Celaya,530820
Manuel Doblado,40608
Cualac,7807
Cuautepec,16569
Cuetzala del Progreso,8951
Cutzamala de Pinzon,20384
Chilapa de Alvarez,133299
Chilpancingo de los Bravo,284330
Florencio Villarreal,21527
General Canuto A. Neri,5936
General Heliodoro Castillo,37840
Huamuxtitlan,15763
Huitzuco de los Figueroa,38696
Iguala de la Independencia,158141
Igualapa,11614
Ixcateopan de Cuauhtemoc,6451
Zihuatanejo de Azueta,130796
Juan R. Escudero,25742
Leonardo Bravo,26857
Malinaltepec,28166
Martir de Cuilapan,19306
Metlatonoc,19095
Mochitlan,13196
Olinala,26372
Ometepec,69853
Pedro Ascencio Alquisiras,7049
Petatlan,45389
Pilcaya,13270
Pungarabato,38809
Quechultenango,36981
Tlalixtaquilla de Maldonado,7626
Tlapa de Comonfort,93574
Tlapehuala,22706
La Union de Isidoro Montes de Oca,26968
Xalpatlahuac,12255
Xochihuehuetlan,7398
Juchitan,7924
Iliatenco,11317
Acatlan,22119
Acaxochitlan,46234
Actopan,61311
Agua Blanca de Iturbide,9705
Ajacuba,19882
Alfajayucan,22078
Almoloya,13135
Apan,48036
El Arenal,20199
Atitalaquia,32226
Atlapexco,21662
Atotonilco el Grande,29469
Atotonilco de Tula,41039
Calnali,18680
Cardonal,19853
Cuautepec de Hinojosa,62361
Chapantongo,14659
Tetepango,12533
Villa de Tezontepec,13444
Tezontepec de Aldama,57003
Tianguistengo,16044
Union de San Antonio,19231
Union de Tula,14444
Valle de Guadalupe,7487
Valle de Juarez,5902
San Gabriel,17376
Villa Corona,19122
Villa Guerrero,5882
Villa Hidalgo,21795
Cañadas de Obregon,4441
Yahualica de Gonzalez Gallo,23957
Tizayuca,137165
Tlahuelilpan,20742
Tlanchinol,42175
Atlacomulco,107378
Atlautla,32674
Axapusco,30040
Ayapango,11081
Calimaya,60309
Capulhuac,38196
Santa Maria Totolapilla,858
Santa Maria Xadani,9124
Tlaxcoapan,30727
Tolcayuca,17698
Tula de Allende,118824
Tulancingo de Bravo,169624
Xochiatipan,21234
Xochicoatlan,8289
Yahualica,26131
Zacualtipan de Angeles,37628
Zapotlan de Juarez,20402
Zempoala,50540
Zimapan,42586
Acatic,23033
Acatlan de Juarez,24131
Ahualulco de Mercado,24796
Amacueca,5840
Amatitan,16451
San Ignacio Cerro Gordo,20202
Acambay de Ruiz Castañeda,69520
Acolman,186256
Aculco,52173
Almoloya de Alquisiras,15645
Almoloya de Juarez,188124
Jaltenco,29179
Jilotepec,94893
Jilotzingo,20713
Jiquipilco,79263
Jocotitlan,70471
Joquicingo,14710
Juchitepec,27241
Almoloya del Rio,12169
Amanalco,25851
Amatepec,28414
Amecameca,54548
Apaxco,31576
Atenco,70016
Atizapan,12511
Coacalco de Berriozabal,310743
Malinalco,29515
Cocotitlan,15387
Coyotepec,44201
Cuautitlan,175004
Chalco,397344
Chapa de Mota,30328
Nezahualcoyotl,1135786
San Agustin Tlacotepec,980
Chapultepec,12986
Ocuilan,36629
El Oro,39551
Otumba,38186
Otzoloapan,4236
Otzolotepec,90805
Ozumba,31154
Papalotla,4367
La Paz,309596
Polotitlan,15066
Rayon,14608
San Antonio la Isla,31682
San Felipe del Progreso,139213
Chiautla,31803
Chiconcuac,27570
Chimalhuacan,720207
Donato Guerra,36158
Ecatepec de Morelos,1707754
Ecatzingo,10090
Huehuetoca,147326
Hueypoxtla,46742
Huixquilucan,290231
Isidro Fabela,12512
Ixtapaluca,551034
Ixtapan de la Sal,38288
Ixtapan del Oro,7283
Ixtlahuaca,163284
Xalatlaco,32120
Zacazonapan,4358
Zacualpan,16080
Zinacantepec,201988
Zumpahuacan,17962
Zumpango,217166
Cuautitlan Izcalli,577190
Bacoachi,1736
Bacum,24900
Melchor Ocampo,61172
Metepec,246055
Mexicaltzingo,13744
Morelos,31832
Naucalpan de Juarez,910187
Nextlalpan,43640
Nicolas Romero,441064
Nopaltepec,9753
Ocoyoacac,71711
San Mateo Atenco,80903
San Simon de Guerrero,6556
Santo Tomas,10262
Soyaniquilpan de Juarez,14339
Sultepec,28198
Tecamac,500585
Tejupilco,79795
Baviacora,3676
Tonanitla,10960
Texcalyacac,5711
Texcoco,262015
Ario,38656
Arteaga,22819
Briseñas,11960
Buenavista,49450
Caracuaro,9652
Coahuayana,15155
Temamatla,13690
Temascalapa,41685
Temascalcingo,67308
Temascaltepec,34348
Temoaya,109436
Tenancingo,105306
Tenango del Aire,13344
Tenango del Valle,92048
Acuitzio,12019
Aguililla,15307
Teoloyucan,69466
Teotihuacan,60992
Tepetlaoxtoc,33108
Tepetlixpa,21137
Tepotzotlan,104335
Tequixquiac,39658
Texcaltitlan,20149
Alvaro Obregon,22905
Angamacutiro,15851
Tezoyuca,46527
Tianguistenco,82457
Timilpan,16819
Tlalmanalco,51370
Tlalnepantla de Baz,756537
Tlatlaya,37531
Toluca,948950
Tonatico,13559
Tultepec,160943
Tultitlan,556493
Valle de Bravo,70192
Villa de Allende,54849
Villa del Carbon,50614
Villa Guerrero,71710
Villa Victoria,110462
Valle de Chalco Solidaridad,419700
Luvianos,29784
San Jose del Rincon,98957
Apatzingan,133955
Erongaricuaro,16105
Gabriel Zamora,23887
Hidalgo,129114
La Huacana,35584
Huandacareo,12489
Huaniqueo,8412
Huetamo,42622
Huiramba,9250
Aporo,3432
Aquila,26147
Chavinda,10785
Cheran,20016
Chilchota,41138
Chinicuila,5016
Chucandiro,4567
Churintzio,5345
Churumuco,15902
Ecuandureo,13168
Morelos,7866
Mugica,47864
Nahuatzen,29906
Nocupetaro,8501
Nuevo Parangaricutiro,20844
Coatlan del Rio,10479
Cuautla,208227
Cuernavaca,399426
Emiliano Zapata,106645
Bavispe,1629
Benjamin Hill,5580
Tlalnepantla,7714
Tlayacapan,19129
Magdalena Tlacotepec,1302
Caborca,92177
Cajeme,468994
Totolapan,12802
Xochitepec,74691
Yautepec,109914
Yecapixtla,56334
Zacatepec,39137
Zacualpan,10182
Temoac,16954
Acaponeta,40422
Abasolo,2918
Apodaca,665734
Aramberri,17800
Bustamante,4384
Hualahuises,7746
El Carmen,47326
Doctor Gonzalez,3294
Galeana,44989
Garcia,300745
San Pedro Garza Garcia,137614
General Bravo,6127
General Escobedo,466325
General Teran,16283
General Treviño,1194
Cosolapa,16254
Magdalena Zahuatlan,427
Mariscala de Juarez,3682
Iturbide,3979
Melchor Ocampo,1071
Chiquihuitlan de Benito Juarez,2418
Mier y Noriega,7601
Paras,1083
Pesqueria,112583
Los Ramones,5201
Martires de Tacubaya,1497
Matias Romero Avendaño,40690
Rayones,2987
Sabinas Hidalgo,39096
Salinas Victoria,61868
San Nicolas de los Garza,474163
Nazareno Etla,4234
Nejapa de Madero,7729
Hidalgo,15902
Abejones,1033
San Andres Dinicuiti,2199
Asuncion Cacalotepec,2176
El Espinal,9121
Asuncion Cuyotepeji,1029
Asuncion Ocotlan,2496
Calihuala,1197
Guadalupe Etla,2822
Cienega de Zimatlan,3096
Ciudad Ixtepec,30368
Coicoyan de las Flores,10372
La Compañia,3399
San Andres Huayapam,5655
Concepcion Papalo,3078
Constancia del Rosario,4086
Cosoltepec,790
Cuilapam de Guerrero,22761
Cuyamecalco Villa de Zaragoza,3804
Chahuites,12034
San Baltazar Chichicapam,2610
Chalcatongo de Hidalgo,9427
San Miguel Tecomatlan,312
Eloxochitlan de Flores Magon,4443
San Juan Evangelista Analco,435
Fresnillo de Trujano,1060
San Bartolome Loxicha,2423
Guadalupe de Ramirez,1325
Guelatao de Juarez,570
Reforma de Pineda,2896
Mesones Hidalgo,4554
San Bartolome Quialana,2541
Villa Hidalgo,2021
Huautepec,6449
Magdalena Apasco,9300
Santa Magdalena Jicotlan,95
Magdalena Jaltepec,3311
Magdalena Mixtepec,1401
Magdalena Tequisistlan,6361
Mazatlan Villa de Flores,13516
Mixistlan de la Reforma,2713
Monjas,2846
Natividad,626
Ixpantepec Nieves,1184
Santiago Niltepec,5572
Oaxaca de Juarez,258636
La Pe,2745
Pinotepa de Don Luis,7201
Pluma Hidalgo,2996
San Andres Ixtlahuaca,1666
San Jose del Progreso,7071
Santa Catarina Quioquitani,554
La Reforma,3324
Rojas de Cuauhtemoc,1160
San Andres Tepetlapa,525
Reyes Etla,4087
San Juan Guelavia,3405
Salina Cruz,92577
San Agustin Atenango,1800
San Agustin Amatengo,1475
San Agustin Etla,4278
San Agustin Chayuco,4096
San Agustin de las Juntas,10151
San Agustin Yatareni,4610
San Andres Huaxpaltepec,6381
San Andres Cabecera Nueva,2867
San Andres Nuxiño,1814
San Andres Yaa,462
San Andres Zabache,735
San Andres Paxtlan,4502
San Andres Sinaxtla,778
San Andres Solaga,1779
San Andres Zautla,4838
San Antonino Castillo Velasco,6330
San Juan Lajarcia,673
San Antonino Monte Verde,7456
San Antonio Acutla,269
San Antonio de la Cal,25602
San Antonio Huitepec,4563
San Juan de los Cues,2497
San Antonio Nanahuatipam,1279
San Antonio Sinicahua,1631
San Antonio Tepetlapa,4460
San Baltazar Yatzachi el Bajo,678
San Dionisio Ocotepec,11119
San Bartolo Coyotepec,10186
San Bartolome Ayautla,4660
San Bartolome Yucuañe,391
San Bartolome Zoogocho,316
Santiago Apostol,4108
San Bartolo Soyaltepec,674
San Bartolo Yautepec,678
San Bernardo Mixtepec,2790
San Blas Atempa,18929
San Carlos Yautepec,12562
San Juan Ihualtepec,642
San Francisco Chapulapa,2140
San Felipe Tejalapam,8185
San Cristobal Amatlan,5419
San Cristobal Amoltepec,1147
San Gabriel Mixtepec,5087
San Juan Achiutla,417
San Cristobal Lachirioag,1300
San Cristobal Suchixtlahuaca,375
San Dionisio del Mar,5370
San Dionisio Ocotlan,1200
San Jeronimo Silacayoapilla,1414
San Esteban Atatlahuca,3894
San Felipe Jalapa de Diaz,29048
San Felipe Usila,12029
Animas Trujano,4207
San Francisco Cahuacua,3509
San Francisco Cajonos,446
San Francisco Chindua,841
San Juan Bautista Coixtlahuaca,2758
San Francisco Huehuetlan,1110
San Francisco Ixhuatan,9296
San Francisco Jaltepetongo,1024
San Francisco Lachigolo,4546
San Francisco Logueche,3026
San Juan Yatzona,483
San Francisco Ozolotepec,1973
San Francisco Telixtlahuaca,13482
San Francisco Teopan,345
San Ildefonso Amatlan,2575
San Jacinto Amilpas,18293
San Juan Bautista Guelache,7863
San Jacinto Tlacotepec,2260
San Jeronimo Taviche,2002
San Juan Bautista Jayacatlan,1550
San Mateo Yoloxochitlan,3758
San Jeronimo Tecoatl,1669
San Jose Ayuquila,1594
San Juan Coatzospam,2176
San Jose Chiltepec,12573
San Jose del Peñasco,2205
San Jose Estancia Grande,1092
San Miguel Coatlan,3416
San Miguel Chicahua,2223
San Jose Independencia,3825
San Miguel del Rio,277
San Jose Lachiguiri,3620
San Jose Tenango,18952
San Juan Atepec,1540
San Juan Bautista Lo de Soto,2653
San Juan Colorado,10329
San Juan Bautista Suchitepec,458
San Juan Chicomezuchil,344
San Juan Bautista Tlacoatzintepec,2248
San Juan Chilateca,1585
San Juan Bautista Tlachichilco,1440
San Juan Comaltepec,2937
San Juan del Estado,2769
San Juan del Rio,1318
San Juan Diuxi,1111
San Juan Ñumi,6153
San Juan Teitipac,2705
San Juan Tepeuxila,2743
San Juan Juquila Mixes,3973
San Juan Juquila Vijanos,2022
San Juan Lachigalla,3432
San Juan Mixtepec Distrito 08,7118
San Juan Sayultepec,839
San Juan Mixtepec Distrito 26,701
Santo Domingo Roayaga,1058
San Juan Tabaa,1381
San Juan Teita,633
Santo Domingo Teojomulco,5172
Santo Domingo Tepuxtepec,5871
San Juan Teposcolula,1295
Santo Domingo Yodohino,312
Santo Domingo Zanatepec,12641
San Juan Yaee,1562
San Lucas Quiavini,1795
San Juan Yucuita,615
San Martin Huamelulpam,1089
San Martin Peras,12556
San Lorenzo,6357
San Martin Toxpalan,3973
San Lorenzo Albarradas,2875
Santiago Cacaloxtepec,1674
San Lorenzo Cacaotepec,16630
San Lorenzo Cuaunecuiltitla,843
San Lucas Camotlan,3131
San Lucas Zoquiapam,7710
San Luis Amatlan,3777
San Marcial Ozolotepec,1558
San Marcos Arteaga,1402
San Martin de los Cansecos,890
San Martin Itunyoso,2320
San Martin Lachila,1115
San Martin Tilcajete,1885
San Martin Zacatepec,1322
San Mateo Cajonos,648
San Mateo del Mar,15771
San Mateo Etlatongo,1182
San Mateo Nejapam,1183
Capulalpam de Mendez,1622
San Miguel Huautla,1157
San Mateo Sindihui,2106
San Mateo Peñasco,2216
San Mateo Piñas,1962
San Mateo Rio Hondo,3252
San Miguel Santa Flor,730
San Mateo Tlapiltepec,234
San Miguel Achiutla,775
San Melchor Betaza,1068
San Miguel Ahuehuetitlan,2485
San Miguel Aloapam,2291
San Miguel Amatlan,1021
San Miguel Tilquiapam,3219
San Miguel Chimalapa,7117
San Miguel del Puerto,8607
San Miguel Ejutla,1032
San Miguel el Grande,4389
San Miguel Mixtepec,3321
San Miguel Piedras,1334
Villa Talea de Castro,2368
San Miguel Tenango,749
San Miguel Tequixtepec,1054
Teotongo,986
San Miguel Tlacamama,3785
Tepelmeme Villa de Morelos,1700
Santa Ines del Monte,2487
San Miguel Tlacotepec,3254
San Miguel Tulancingo,319
San Miguel Yotao,625
Santiago Huajolotitlan,4321
San Nicolas,1191
San Pablo Cuatro Venados,1448
San Pablo Huixtepec,9784
San Pablo Etla,19200
San Pablo Huitzo,7435
San Pablo Macuiltianguis,925
San Pablo Tijaltepec,2477
San Pablo Yaganiza,1110
San Pablo Villa de Mitla,13199
San Pedro Amuzgos,7006
San Pedro Cajonos,1140
San Pedro Apostol,1594
San Pedro Atoyac,4608
San Pedro Coxcaltepec Cantaros,771
San Pedro Comitancillo,4437
San Pedro Tidaa,928
San Pedro Huamelula,10259
San Pedro Huilotepec,3271
San Pedro Topiltepec,375
San Pedro Ixtlahuaca,9333
San Pedro Jaltepetongo,570
San Pedro Totolapam,2738
San Pedro Jicayan,12760
San Pedro Jocotipac,803
San Pedro Juchatengo,1668
Trinidad Zaachila,3093
San Pedro Martir,1727
San Pedro Martir Quiechapa,727
La Trinidad Vista Hermosa,259
San Pedro Martir Yucuxaco,1299
Santa Catarina Cuixtla,1510
San Pedro Mixtepec Distrito 26,1110
San Pedro Molinos,702
San Pedro Nopala,750
San Pedro Ocopetatillo,847
San Pedro Ocotepec,2203
San Pedro Quiatoni,11353
San Raymundo Jalpan,3710
San Pedro Sochiapam,5245
San Pedro Tapanatepec,15367
San Pedro Taviche,1251
San Pedro Teozacoalco,1279
San Pedro Teutila,4422
San Pedro Yaneri,960
Santa Catarina Mechoacan,4677
San Pedro Yolox,1819
Santa Catarina Minas,2017
Villa de Etla,11426
San Pedro y San Pablo Teposcolula,4295
San Sebastian Abasolo,1988
San Sebastian Nicananduta,1500
San Sebastian Coatlan,2802
San Sebastian Ixcapa,4222
Santa Ana del Valle,2148
Santa Ana Tavela,837
San Sebastian Rio Hondo,3783
San Sebastian Tecomaxtlahuaca,8531
Cumpas,6755
San Sebastian Teitipac,2036
Santa Ana Zegache,3913
San Sebastian Tutla,19272
San Simon Almolongas,2866
Villa de Tamazulapam del Progreso,8024
San Simon Zahuatlan,4367
Santa Ana,2259
Santa Ana Ateixtlahuaca,532
Santa Ana Cuauhtemoc,740
Santa Ana Tlapacoyan,2060
Santa Ana Yareni,923
Santa Catalina Quieri,943
Santa Catarina Ixtepeji,2719
Santa Catarina Quiane,2006
Santa Catarina Lachatao,1140
Santa Catarina Tayata,681
Santa Cruz de Bravo,377
Santa Catarina Yosonotu,1741
Santa Catarina Zapoquila,384
Santa Cruz Acatepec,1625
Santa Cruz Amilpas,13683
Santa Cruz Nundaco,3063
Santa Cruz Papalutla,2233
Santa Cruz Tacache de Mina,2788
Santa Cruz Tacahua,1151
Santa Cruz Tayata,624
Santa Maria Coyotepec,3255
Santa Gertrudis,2944
Santa Cruz Xitla,4969
Santa Lucia del Camino,52119
Santa Lucia Miahuatlan,3548
Santa Maria del Rosario,514
Santa Lucia Monteverde,6679
Santa Lucia Ocotlan,3985
Santa Maria Apazco,1783
Santa Maria la Asuncion,3384
Santa Maria Jalapa del Marques,13616
Ayoquezco de Aldama,4436
Santa Maria Atzompa,37206
Santa Maria Camotlan,1683
Santa Maria Cortijo,1104
Santa Maria Jaltianguis,537
Santa Maria Chachoapam,769
Villa de Chilapa de Diaz,2213
Santa Maria Temaxcalapa,957
Santa Maria del Tule,9409
Santa Maria Guelace,855
Santa Maria Texcatitlan,1028
Santa Maria Tlahuitoltepec,9632
Santa Maria Guienagati,3277
Santa Maria Huazolotitlan,11850
Santa Maria Ipalapa,5145
Santa Maria Ixcatlan,508
Santa Maria Lachixio,2010
Santa Maria Mixtequilla,4837
Santa Maria Nativitas,623
Santa Maria Nduayaco,509
Santa Maria Papalo,2202
Santo Domingo Tlatayapam,142
Santa Maria Quiegolani,1997
Santa Maria Sola,1519
Santa Maria Tataltepec,386
Chilchotla,20984
Santa Maria Tecomavaca,1744
Pinal de Amoles,28189
Santa Maria Temaxcaltepec,2687
Santa Maria Tlalixtac,1760
San Vicente Tancuayalab,15504
Santa Maria Teopoxco,4419
Tanlajas,20596
Santa Maria Tonameca,26383
Xochiapulco,3624
Santa Maria Yalina,288
Santa Maria Yolotepec,426
San Ignacio,22273
Santa Maria Yavesia,510
Santa Maria Yosoyua,1699
Santa Maria Yucuhiti,6475
Santa Maria Zaniza,2286
Santa Maria Zoquitlan,3128
Santiago Apoala,928
Santiago Astata,4113
Santiago Huauclilla,545
Santiago Atitlan,3128
Santiago Ihuitlan Plumas,373
Santiago Ayuquililla,2803
Santiago Comaltepec,990
Santiago del Rio,560
Santiago Ixcuintepec,1675
Santiago Jocotepec,14474
Santiago Juxtlahuaca,37344
Santiago Lalopa,517
Santiago Laollaga,3524
Villa Tejupam de la Union,2557
Santiago Laxopa,1357
Santiago Llano Grande,3398
Santiago Matatlan,10252
Santiago Miltepec,425
Santiago Tillo,562
Santiago Nacaltepec,1820
Santiago Nundiche,945
Santiago Pinotepa Nacional,55235
Santiago Suchilquitongo,10950
Santiago Yaitepec,4470
Santiago Tapextla,3182
Santiago Tenango,2116
Santiago Tepetlapa,127
Santiago Zacatepec,5472
Santiago Tetepec,5087
Santiago Texcalcingo,3214
Santiago Zoochila,402
Santiago Textitlan,4566
Santiago Tlazoyaltepec,4904
Santiago Xiacui,2153
Santiago Yolomecatl,2211
Nuevo Zoquiapam,1687
Santiago Yucuyachi,946
Santo Domingo Ingenio,8300
Santo Domingo Albarradas,796
Santo Domingo Armenta,3525
Santo Domingo Chihuitan,1574
Santo Domingo de Morelos,11529
Santo Domingo Ixcatlan,685
Santo Domingo Nuxaa,3343
Santo Domingo Ozolotepec,850
Santo Domingo Tomaltepec,3079
Tanetze de Zaragoza,1702
Santo Domingo Tonala,7210
Santo Domingo Tonaltepec,251
Santo Domingo Xagacia,1203
Santo Domingo Yanhuitlan,1618
Santos Reyes Papalo,2741
Santos Reyes Tepejillo,1023
Santos Reyes Yucuna,1352
San Vicente Lachixio,2938
Santo Tomas Jalieza,3724
Santo Tomas Mazaltepec,2745
San Vicente Nuñu,447
Santo Tomas Ocotepec,3927
Silacayoapam,6872
Sitio de Xitlapehua,715
Santo Tomas Tamazulapan,2329
Soledad Etla,5930
San Vicente Coatlan,4062
Taniche,833
Teococuilco de Marcos Perez,981
Teotitlan del Valle,6082
Teotitlan de Flores Magon,10338
San Jeronimo Tlacochahuaya,5745
Valerio Trujano,1464
Tlacolula de Matamoros,24027
Tlacotepec Plumas,466
Tlalixtac de Cabrera,10912
Yaxe,2935
Magdalena Yodocono de Porfirio Diaz,1601
Totontepec Villa de Morelos,5577
Zapotitlan Palmas,1494
Union Hidalgo,16061
San Juan Bautista Valle Nacional,23370
Villa Diaz Ordaz,6980
Yogana,1290
Santa Ines de Zaragoza,1672
Zimatlan de Alvarez,20892
Acajete,69076
Acateno,9700
Acatlan,37718
Acatzingo,62477
Acteopan,3132
Ahuacatlan,16753
Ahuatlan,3428
Ahuazotepec,12082
Ahuehuetitla,1893
Ajalpan,70090
Albino Zertuche,1907
Aljojuca,6920
Altepexi,22578
Amixtlan,5245
Amozoc,125961
Aquixtla,9196
Yutanduchi de Guerrero,1200
Villa de Zaachila,46846
San Mateo Yucutindoo,3159
Chinantla,2408
Domingo Arenas,7936
Eloxochitlan,13471
Epatlan,5100
Esperanza,15794
Francisco Z. Mena,17984
General Felipe Angeles,21893
Guadalupe,6121
Guadalupe Victoria,18052
Hermenegildo Galeana,8157
Huaquechula,26310
Huatlatlauca,6848
Zapotitlan Lagunas,3268
Huehuetlan el Chico,8989
Huejotzingo,78403
Hueyapan,13559
Hueytamalco,27794
Hueytlalpan,5785
Huitzilan de Serdan,15926
Huitziltepec,5807
Atoyatempan,7418
Atzala,1390
Moctezuma,5400
Camocuautla,2789
Caxhuacan,3932
Coatepec,795
Coronango,43151
Naco,6756
Cuapiaxtla de Madero,10686
Cuautempan,9886
Cuautinchan,10918
Cuautlancingo,126781
Cuayuca de Andrade,3296
Cuetzalan del Progreso,51238
Cuyoaco,16688
Chalchicomula de Sesma,50167
Chapulco,8254
Chiautla,21127
Chiautzingo,21492
Chiconcuautla,17625
Chichiquila,27408
Chietla,36514
Chigmecatitlan,1259
Chignahuapan,66338
Chignautla,36244
Chila,4862
Chila de la Sal,1498
Honey,8363
Atlequizayan,2817
Ixtepec,7501
Izucar de Matamoros,82453
Jalpan,12830
Jolalpan,13814
Jonotla,4833
Jopala,13788
Juan C. Bonilla,22555
Nacozari de Garcia,14231
Juan Galindo,11422
Navojoa,177079
La Magdalena Tlatlauquitepec,594
Xico,40406
Mixtla,2501
Cañada Morelos,20442
Naupan,10494
Nauzontla,3644
Nealtican,13190
Nicolas Bravo,6672
Nopalucan,33027
Ocotepec,5066
Ocoyucan,29976
Olintla,12372
Oriental,19352
Pahuatlan,23302
Palmar de Bravo,48935
Pantepec,19514
Petlalcingo,10239
Piaxtla,4631
Puebla,1698509
Quecholac,54012
Quimixtlan,23329
Huachinera,1411
Tlacojalpan,5182
Rafael Lara Grajales,14754
San Gregorio Atzompa,9608
San Juan Atzompa,939
San Martin Texmelucan,162438
Puerto Peñasco,72279
Quiriego,3120
Lazaro Cardenas,3282
La Magdalena Tlaltelulco,19967
Los Reyes de Juarez,29171
San Gabriel Chilac,16701
Xochiltepec,3496
Xochitlan de Vicente Suarez,13403
Xochitlan Todos Santos,6819
Yaonahuac,8478
Yehualtepec,26450
Zacapala,4666
Zacapoaxtla,58800
Zacatlan,87692
Zapotitlan,8979
Zapotitlan de Mendez,5936
Zaragoza,17284
Zautla,20226
Zihuateutla,14075
San Martin Totoltepec,674
San Matias Tlalancaleca,21644
San Miguel Ixitlan,537
San Miguel Xoxtla,13310
San Nicolas Buenos Aires,10491
San Nicolas de los Ranchos,12430
San Pablo Anicano,3778
San Pedro Cholula,139635
San Pedro Yeloixtlahuaca,3520
San Salvador el Seco,32230
San Salvador el Verde,33443
Amealco de Bonfil,68441
San Salvador Huixcolotla,15860
Cadereyta de Montes,76829
Colon,69112
Corregidora,208076
Ezequiel Montes,45877
Huimilpan,42305
Jalpan de Serra,29625
Landa de Matamoros,20313
El Marques,178672
Pedro Escobedo,76411
Peñamiller,21988
Queretaro,976939
San Joaquin,10323
San Juan del Rio,301541
Tequisquiapan,78742
Toliman,31465
Cozumel,101106
Felipe Carrillo Puerto,93104
Isla Mujeres,23070
Othon P. Blanco,265298
Benito Juarez,844698
Santo Tomas Hueyotlipan,9100
Soltepec,13062
Tecali de Herrera,23518
Tecamachalco,81930
Tecomatlan,6052
Tehuacan,339077
Tehuitzingo,11865
Tenampulco,7527
Teopantlan,3938
Teotlalco,3336
Tepanco de Lopez,21821
Tepango de Rodriguez,4349
Tepatlaxco de Hidalgo,18470
Tepeaca,85594
Tepemaxalco,1158
Tepeojuma,9003
Tepetzintla,12058
Tepexco,7196
Tepexi de Rodriguez,22408
Tepeyahualco,18007
Rayon,16295
Rioverde,98982
Salinas,33222
San Antonio,9765
San Ciro de Acosta,10793
San Luis Potosi,870578
San Martin Chalchicuautla,22089
San Nicolas Tolentino,5396
Santa Catarina,12287
Santa Maria del Rio,41789
Santo Domingo,12592
Tepeyahualco de Cuauhtemoc,3794
Tetela de Ocampo,29767
Teteles de Avila Castillo,6283
Teziutlan,104906
Tianguismanalco,13396
Tilapa,9094
Tlacotepec de Benito Juarez,55208
Tlacuilotepec,17687
Tlachichuca,30963
Tlahuapan,42437
Tlaltenango,7485
Soledad de Graciano Sanchez,328949
Tamasopo,31591
Tamazunchale,100187
Tampacan,16172
Tampamolon Corona,16069
Tamuin,40732
Tlanepantla,5299
Tlaola,21336
Tlapacoya,6860
Tlapanala,8960
Tlatlauquitepec,57203
Tlaxco,5665
Tochimilco,18990
Tochtepec,22451
Totoltepec de Guerrero,1283
Tulcingo,9993
Tuzamapan de Galeana,6767
Tzicatlacoyan,7427
Venustiano Carranza,31183
Vicente Guerrero,25910
Xayacatlan de Bravo,1665
Xicotepec,86069
Xicotlan,1276
Xiutetelco,42668
Zinacatepec,18089
Zongozotla,5240
Zoquiapan,2583
Zoquitlan,19699
Jose Maria Morelos,42799
Bacalar,45083
Ahualulco,19020
Alaquines,8682
Aquismon,50884
Armadillo de los Infante,4313
Tanquian de Escobedo,15866
Tierra Nueva,9596
Cardenas,19719
Catorce,10209
Villa de la Paz,5600
Cedral,20098
Sinaloa,94901
Navolato,160045
Aconchi,3025
Agua Prieta,88530
Alamos,27922
Altar,10309
Coxcatlan,16224
Huehuetlan,16719
Matehuala,104218
Mexquitic de Carmona,59381
Moctezuma,20338
Vanegas,8032
Venado,15226
Villa de Ramos,39037
Villa de Reyes,51531
Xilitla,54251
Zaragoza,27163
Villa de Arista,16056
Arivechi,1284
El Naranjo,23108
Ahome,480654
Angostura,50579
Badiraguato,32022
Concordia,29379
Cosala,17211
Culiacan,962871
Choix,34547
Elota,59057
Escuinapa,62697
El Fuerte,108251
Guasave,316217
Mazatlan,533733
Mocorito,48313
Rosario,56992
Salvador Alvarado,86932
Atil,638
Bacerac,1537
Bacanora,862
Cananea,38103
Fronteras,9356
Carbo,5305
La Colorada,2122
Granados,1170
Hermosillo,946054
Huasabas,990
Huepac,1091
Imuris,13843
Mazatan,1324
Nogales,253486
Onavas,493
Oquitoa,432
Pitiquito,10159
Rayon,1653
San Felipe de Jesus,449
San Javier,679
Soyopa,1474
San Miguel de Horcasitas,10070
Tepache,1515
San Pedro de la Cueva,1648
Santa Cruz,2031
Saric,1736
Nuevo Morelos,3738
Tubutama,1329
San Nicolas,1100
Ures,9577
Villa Hidalgo,1693
Villa Pesqueira,1263
General Plutarco Elias Calles,18481
Cardenas,276096
Centla,117902
Centro,739611
Comalcalco,217559
Cunduacan,148165
Emiliano Zapata,32992
Huimanguillo,200660
Jalapa,41267
Jalpa de Mendez,94252
Jonuta,32829
Macuspana,177047
Nacajuca,149256
Paraiso,101901
Tacotalpa,52105
Teapa,62448
Tenosique,63851
Abasolo,12768
Aldama,30886
Altamira,255602
Antiguo Morelos,10384
Bustamante,8446
Ciudad Madero,223413
Jaumave,16350
San Lorenzo Axocomanitla,6031
Jimenez,8538
Llera,17892
Mainero,2684
El Mante,125639
Matamoros,546115
Mendez,4140
Mier,4434
Miguel Aleman,29033
Miquihuana,3817
Nuevo Laredo,421295
Ixhuacan de los Reyes,11998
Ixhuatlan del Cafe,23980
Ixhuatlancillo,27351
Ocampo,14524
Padilla,14808
Palmillas,1840
Reynosa,686670
Rio Bravo,133206
San Carlos,9433
San Fernando,59215
Ixhuatlan del Sureste,16524
Ixhuatlan de Madero,56503
Ixmatlahuacan,6067
Ixtaczoquitlan,72556
Jalacingo,46453
Xalapa,513443
Jalcomulco,5378
Jaltipan,43828
Jamapa,11971
Jesus Carranza,30389
Valle Hermoso,67965
Victoria,367051
Villagran,6563
Xicotencatl,25174
Amaxac de Guerrero,12018
Apetatitlan de Antonio Carvajal,16266
Atlangatepec,7030
Altzayanca,18578
Apizaco,85176
Calpulalpan,51966
El Carmen Tequexquitla,18281
Cuapiaxtla,16363
Cuaxomulco,5720
Chiautempan,77435
Muñoz de Domingo Arenas,4905
Españita,9409
Huamantla,100247
Hueyotlipan,15578
Tepetitla de Lardizabal,22733
Tenancingo,13938
Tlaxco,45726
Nogales,39768
Tocatlan,6306
Totolac,24161
Ziltlaltepec de Trinidad Sanchez Santos,9486
Tzompantepec,18563
Xaloztoc,25784
Xaltocan,11627
Papalotla de Xicohtencatl,32591
Tepetlan,10147
Tepetzintla,15415
Tequila,15968
Jose Azueta,24096
Texcatepec,11527
Texhuacan,5630
Texistepec,21798
Tezonapa,59388
Tierra Blanca,110811
Tihuatlan,100967
Xicohtzinco,14770
Benito Juarez,6446
Chicxulub Pueblo,4805
Chichimila,8960
Santa Apolonia Teacalco,4944
San Damian Texoloc,6022
San Jeronimo Zacualpan,4107
San Juan Huactzinco,8053
Santa Ana Nopalucan,8337
Chumayel,3500
Coetzala,2373
Chiconquiaco,14791
Chicontepec,58611
Santa Catarina Ayometla,9500
Santa Cruz Quilehtla,7664
Chinameca,17075
Chinampa de Gorostiza,17492
Santa Isabel Xiloxoxtla,5367
Las Choapas,85144
Chocaman,22053
Chontla,15234
Acatlan,3344
Acayucan,91195
Actopan,45818
Acula,5690
Acultzingo,23921
Camaron de Tejeda,6820
Alpatlahuac,10563
Alto Lucero de Gutierrez Barrios,30740
Altotonga,68340
Alvarado,56635
Aquila,1969
Benito Juarez,18423
Boca del Rio,152810
Calcahualco,13500
Camerino Z. Mendoza,44880
Carrillo Puerto,17803
Catemaco,52134
Cazones de Herrera,24958
Cerro Azul,28541
Citlaltepetl,12474
Coacoatzintla,10965
Coahuitlan,8852
Coatepec,97949
Coatzacoalcos,339108
Coatzintla,59863
Tepatlaxco,8888
Chumatlan,4095
Ojocaliente,45302
Huiloapan de Cuauhtemoc,7636
Ignacio de la Llave,18267
Ilamatlan,14240
Isla,45440
Ixcatepec,14148
Landero y Coss,1671
Magdalena,3240
Las Minas,3130
Minatitlan,164357
Misantla,67752
Mixtla de Altamirano,12205
Moloacan,18117
Naolinco,22956
Naranjal,4817
Nautla,11519
Oluta,17291
Orizaba,134420
Otatitlan,5971
Oteapan,17084
Paso del Macho,33345
Paso de Ovejas,35445
La Perla,28959
Perote,76977
Platon Sanchez,19132
Playa Vicente,39712
Poza Rica de Hidalgo,217773
Pueblo Viejo,60978
Puente Nacional,23890
Rafael Delgado,24439
Rafael Lucio,8510
Rio Blanco,44568
San Andres Tenejapan,3097
San Andres Tuxtla,173149
San Juan Evangelista,35607
Santiago Tuxtla,60542
Sayula de Aleman,34331
Soconusco,17083
Sochiapa,3839
Soledad Atzompa,24269
Soledad de Doblado,29150
Soteapan,36043
Tamalin,12233
Tamiahua,24459
Tampico Alto,13099
Tancoco,6072
Tantima,13662
Tantoyuca,109017
Tatatila,6179
Castillo de Teayo,20752
Tecolutla,25352
Tehuipango,27267
Alamo Temapache,110365
Tempoal,37410
Tenampa,7081
Tenochtitlan,5425
Teocelo,17551
Tlilapan,5584
Tuxtilla,2358
Vega de Alatorre,21319
Veracruz,626918
Villa Aldama,12406
Yanga,18981
Yecuatla,12549
Zacualpan,7530
Zaragoza,11884
Nanchital de Lazaro Cardenas del Rio,31215
Abala,7035
Acanceh,17390
Akil,11877
Baca,6406
Bokoba,2349
Mayapan,3901
Cacalchen,7768
Cansahcab,4994
Opichen,7249
Oxkutzcab,33191
Panaba,8254
Cantamayec,2684
Cenotillo,4194
Conkal,11891
Cuncunul,1724
Cuzama,5555
Chacsinkin,3197
Chapab,3388
Chikindzonot,4448
Sanahcat,1829
Chochola,5070
Dzan,5690
Dzemul,3981
Dzidzantun,8874
Dzoncauich,2840
Halacho,21620
Hocaba,6607
Hoctun,6358
Huhi,5578
Hunucma,34856
Ixil,4390
Kanasin,108918
Kantunil,5813
Suma,1963
Kaua,3307
Kinchil,7657
Kopoma,2726
Mama,3371
Maxcanu,24331
Tahdziu,5375
Mococha,3513
Muna,13571
Ucu,3963
Muxupip,3074
Guadalupe,199581
Huanusco,4263
Jalpa,25422
Jerez,63035
Jimenez del Teul,4464
Juan Aldama,22780
Juchipila,13357
Loreto,56515
Luis Moya,13948
Mazapil,18464
Melchor Ocampo,3112
Mezquital del Oro,2605
Miguel Auza,24847
Momax,2542
Monte Escobedo,9708
Morelos,13120
Moyahua de Estrada,4217
Nochistlan de Mejia,29353
Noria de Angeles,17636
Quintana Roo,1028
Sacalum,5157
Samahil,5540
Trancoso,20285
Sinanche,3377
Sucila,4204
Tahmek,3982
Teabo,7031
Tecoh,18791
Tekal de Venegas,2845
Tekanto,4049
Tekit,10974
Telchac Pueblo,4051
Telchac Puerto,1912
Tepakan,2372
Tetiz,5419
Teya,2091
Timucuy,7877
Tixmehuac,5200
Tixpehual,5922
Tunkas,3751
Xocchel,3722
Yaxkukul,3377
Yobain,2426
Atolinga,2621
Benito Juarez,4307
Calera,47377
Cañitas de Felipe Pescador,8712
Concepcion del Oro,13933
Cuauhtemoc,13230
Chalchihuites,11842
Fresnillo,242826
Trinidad Garcia de la Cadena,3022
Genaro Codina,8559
General Enrique Estrada,6620
General Francisco R. Murguia,22792
El Plateado de Joaquin Amaro,1340
General Panfilo Natera,24286
El Salvador,2528
Villa Garcia,20167
Villa Gonzalez Ortega,13945
Villa Hidalgo,20177
Villanueva,31804
Zacatecas,155533
Santa Maria de la Paz,2855
